{
    "mean_test_score": [
        -50241797194.54588,
        -11992143562.166912,
        -11382080956.513264,
        -11635046929.957575,
        -11848645391.54601,
        -11967652975.132252,
        -12153302372.99713,
        -12211589529.113972,
        -12366422506.868425,
        -12397380812.422411,
        -12397526907.03948,
        -12430070676.675694
    ],
    "std_test_score": [
        847583711.964404,
        662546535.4027234,
        580669891.2246933,
        658459262.79777,
        650209159.450566,
        660442595.0361892,
        679106178.9106221,
        665528090.6445802,
        666732762.0410498,
        671395256.3676655,
        697281257.7660317,
        687601632.8141989
    ],
    "split0_test_score": [
        -48812681142.182556,
        -10783340718.833866,
        -10320721054.599504,
        -10413669504.093874,
        -10606862252.606697,
        -10710104867.740349,
        -10855596409.53919,
        -10924497469.13121,
        -11066517608.91642,
        -11094286478.245565,
        -11041934014.649868,
        -11096985633.797155
    ],
    "split1_test_score": [
        -51129498724.88936,
        -12034016314.586521,
        -11246458443.695526,
        -11558685307.924412,
        -11846218676.873123,
        -11968358008.792341,
        -12143338658.19866,
        -12217775341.608181,
        -12434234338.98466,
        -12429483858.437767,
        -12460567966.059942,
        -12491019448.672981
    ],
    "split2_test_score": [
        -49820862038.957985,
        -12427984090.688974,
        -11688332871.530882,
        -11956746818.71216,
        -12216366103.79345,
        -12278675438.536423,
        -12521906104.984367,
        -12577213669.791487,
        -12684071189.91042,
        -12761602550.60837,
        -12732211035.554882,
        -12767199708.027855
    ],
    "split3_test_score": [
        -50476639747.9765,
        -11987094916.542652,
        -11668514368.010344,
        -11910425907.129213,
        -12124881671.718224,
        -12274023373.650572,
        -12472843961.362593,
        -12617066024.303125,
        -12755429080.002352,
        -12776605223.707111,
        -12779944539.95317,
        -12770345584.816341
    ],
    "split4_test_score": [
        -50969304318.723015,
        -12728281770.182554,
        -11986378044.730053,
        -12335707111.928213,
        -12448898252.738554,
        -12607103186.941574,
        -12772826730.900839,
        -12721395140.735863,
        -12891860316.528282,
        -12924925951.113241,
        -12972976978.979536,
        -13024803008.06414
    ],
    "n_features": [
        1,
        8,
        81,
        154,
        227,
        300,
        373,
        446,
        519,
        592,
        665,
        738
    ]
}