{
    "mean_test_score": [
        -50278165847.41958,
        -25829208763.575058,
        -10742432971.523909,
        -10564648662.508,
        -10579834894.999949,
        -10606848700.647509,
        -10664774973.028,
        -10703294049.391127,
        -10707135782.448612,
        -10718364531.188248,
        -10707983960.465403,
        -10713835644.425339
    ],
    "std_test_score": [
        888244018.6962836,
        1302266065.0997589,
        532506163.2015546,
        480052297.384274,
        457384950.35041606,
        439831389.57390416,
        439614136.72140014,
        449469610.4709929,
        432466870.22744644,
        448794269.1505378,
        444208488.3291696,
        460412633.3624452
    ],
    "split0_test_score": [
        -48768555695.06644,
        -23830299975.259373,
        -9715321099.9316,
        -9645106612.88885,
        -9676198570.095306,
        -9738253207.274515,
        -9788123061.92275,
        -9805546388.713453,
        -9847809278.853865,
        -9828089369.409216,
        -9829219770.484425,
        -9800475105.197313
    ],
    "split1_test_score": [
        -50864111628.43109,
        -26743305459.68414,
        -11168655994.89293,
        -10945676483.034267,
        -10905858243.991531,
        -10947462274.41043,
        -10922135614.670958,
        -10956050862.316673,
        -10996811808.157848,
        -11030933970.967634,
        -10992009389.798256,
        -11000044400.872204
    ],
    "split2_test_score": [
        -49754736198.878136,
        -25328385894.990845,
        -11033181301.131401,
        -10829549503.927584,
        -10746211397.790575,
        -10829276469.040728,
        -10899966530.287066,
        -10919232533.5553,
        -10916613441.81022,
        -10932179032.704119,
        -10969466889.441952,
        -10997645531.564436
    ],
    "split3_test_score": [
        -51030109734.06332,
        -27656514703.92806,
        -10741681144.769949,
        -10537280660.753368,
        -10711573928.917673,
        -10741923562.865799,
        -10821692864.681957,
        -10889488352.859722,
        -10842274387.552881,
        -10850980076.986212,
        -10804590763.056387,
        -10839321328.235596
    ],
    "split4_test_score": [
        -50973315980.6589,
        -25587537784.012882,
        -11053325316.893661,
        -10865630051.935928,
        -10859332334.204662,
        -10777327989.646072,
        -10891956793.57727,
        -10946152109.510489,
        -10932169995.868256,
        -10949640205.874052,
        -10944632989.545992,
        -10931691856.257137
    ],
    "n_features": [
        1,
        2,
        15,
        28,
        41,
        54,
        67,
        80,
        93,
        106,
        119,
        132
    ]
}