{
    "mean_test_score": [
        -50278165847.41958,
        -14250717811.295002,
        -11506708999.375202,
        -11541240127.619953,
        -11576587487.17767,
        -11539552732.398785,
        -11444028189.183575,
        -11413154926.64062,
        -11402075592.211933,
        -11391686929.808275,
        -11405091542.293133,
        -11380669283.190012
    ],
    "std_test_score": [
        888244018.6962836,
        681557868.6656438,
        592077813.9189732,
        479271663.7687247,
        524234595.2369063,
        436910113.2851477,
        467565583.958655,
        463354162.21068144,
        487756213.60014105,
        462504370.10301065,
        478089586.0754472,
        479443775.7592508
    ],
    "split0_test_score": [
        -48768555695.06644,
        -13100381484.472923,
        -10474102942.3177,
        -10683254930.447613,
        -10672033439.444159,
        -10769795979.43359,
        -10660326398.674025,
        -10588366267.163622,
        -10532023676.656921,
        -10570864170.214827,
        -10582852321.167645,
        -10550767504.625814
    ],
    "split1_test_score": [
        -50864111628.43109,
        -14294396004.457832,
        -11775241265.460495,
        -11567162206.163689,
        -11615282125.928957,
        -11549445798.106775,
        -11420207111.856638,
        -11395968576.994577,
        -11412932017.9482,
        -11349414110.056454,
        -11297290383.321552,
        -11288386029.78151
    ],
    "split2_test_score": [
        -49754736198.878136,
        -14498121976.305534,
        -11299394197.167997,
        -11565015248.956896,
        -11586768428.937906,
        -11545665954.31799,
        -11378539512.650204,
        -11471641506.224192,
        -11425846253.447487,
        -11454878851.136824,
        -11468991231.988747,
        -11438817799.59205
    ],
    "split3_test_score": [
        -51030109734.06332,
        -14147871002.765688,
        -11769223418.981287,
        -11739877330.687328,
        -11697671294.864338,
        -11719296472.798386,
        -11664931791.522654,
        -11601717012.31024,
        -11616207487.611347,
        -11604424552.77168,
        -11643268561.78908,
        -11618499861.695395
    ],
    "split4_test_score": [
        -50973315980.6589,
        -15212818588.473032,
        -12215583172.948534,
        -12150890921.84424,
        -12311182146.712992,
        -12113559457.337185,
        -12096136131.21436,
        -12008081270.510456,
        -12023368525.395708,
        -11978852964.861586,
        -12033055213.198647,
        -12006875220.255283
    ],
    "n_features": [
        1,
        4,
        21,
        38,
        55,
        72,
        89,
        106,
        123,
        140,
        157,
        174
    ]
}