{
    "mean_test_score": [
        -50278165847.41958,
        -11932393819.774584,
        -11040203213.545193,
        -11427352486.833511,
        -11580211579.99558,
        -11845361742.631145,
        -12065784353.5253,
        -12188653405.050701,
        -12197935950.989431,
        -12161968071.62561,
        -12152981227.492172,
        -12162498706.270382
    ],
    "std_test_score": [
        888244018.6962836,
        649782746.9585776,
        587612234.7947104,
        553542467.4911171,
        611141613.7183336,
        612566332.1279442,
        632527954.7116174,
        652879152.3491827,
        654496058.2741256,
        644607824.1285526,
        643627869.2000941,
        673595060.7592754
    ],
    "split0_test_score": [
        -48768555695.06644,
        -10837143504.597336,
        -9935678834.62939,
        -10415583921.35958,
        -10440305359.37233,
        -10677425744.49175,
        -10856986272.296875,
        -10958995584.137997,
        -10965823614.935814,
        -10929441640.4779,
        -10927079946.292656,
        -10865086344.406988
    ],
    "split1_test_score": [
        -50864111628.43109,
        -11843267864.550377,
        -11213434544.212523,
        -11390135397.805424,
        -11611420682.960373,
        -11854423021.888075,
        -12067671717.224863,
        -12125499918.649649,
        -12180616482.2754,
        -12191795500.436749,
        -12179072005.372833,
        -12237732333.74492
    ],
    "split2_test_score": [
        -49754736198.878136,
        -12374422213.193285,
        -11437130266.194845,
        -11837016497.692564,
        -11923254319.157522,
        -12193113452.130148,
        -12478437134.88073,
        -12574326819.258125,
        -12665949384.660069,
        -12569647435.538904,
        -12572890949.817215,
        -12599912755.497686
    ],
    "split3_test_score": [
        -51030109734.06332,
        -11838464481.231731,
        -11010626290.611736,
        -11487403128.793364,
        -11683468987.596554,
        -12074657206.752596,
        -12299272630.48135,
        -12476367509.191238,
        -12366068442.576447,
        -12365371503.575718,
        -12333978631.509153,
        -12354314678.317917
    ],
    "split4_test_score": [
        -50973315980.6589,
        -12768671035.300196,
        -11604146132.077473,
        -12006623488.51662,
        -12242608550.891125,
        -12427189287.893166,
        -12626554012.74268,
        -12808077194.016499,
        -12811221830.499437,
        -12753584278.098783,
        -12751884604.469004,
        -12755447419.384396
    ],
    "n_features": [
        1,
        7,
        44,
        81,
        118,
        155,
        192,
        229,
        266,
        303,
        340,
        377
    ]
}