{
    "mean_test_score": [
        -50278165847.41958,
        -12170111641.595232,
        -11213406496.759815,
        -11113988876.576218,
        -11280963157.843325,
        -11125941709.670084,
        -11059957918.673594,
        -11051600140.10342,
        -11052377769.327444,
        -11031313892.11401,
        -11044125316.012558,
        -11053135527.520039
    ],
    "std_test_score": [
        888244018.6962811,
        544265173.0627328,
        559936604.986378,
        546636678.4614506,
        462616619.9668103,
        486769143.9084336,
        500583821.72175735,
        485832505.6926427,
        475884604.879309,
        486339765.3368331,
        462965344.9877744,
        482221438.26274693
    ],
    "split0_test_score": [
        -48768555695.066444,
        -11262123694.130972,
        -10172375617.523462,
        -10128919079.974167,
        -10424751499.677877,
        -10252150470.189157,
        -10127287419.91064,
        -10168007184.996778,
        -10191139161.878826,
        -10152459031.116531,
        -10205233480.920393,
        -10182891590.388382
    ],
    "split1_test_score": [
        -50864111628.43109,
        -12179696500.046305,
        -11216468278.732826,
        -11191800889.056108,
        -11503972890.848108,
        -11234059244.221539,
        -11157623298.787844,
        -11126720972.015692,
        -11078115101.88267,
        -11080567255.774944,
        -11112945697.149277,
        -11104693845.988623
    ],
    "split2_test_score": [
        -49754736198.878136,
        -12565430794.535482,
        -11437522360.849659,
        -11342379632.309507,
        -11332439308.484198,
        -11165593887.907112,
        -11188567591.559332,
        -11141214734.185934,
        -11170578591.975847,
        -11135126808.633436,
        -11146287033.167788,
        -11177477012.992651
    ],
    "split3_test_score": [
        -51030109734.06332,
        -11989354549.521439,
        -11393966288.3968,
        -11110604276.231853,
        -11331631636.03094,
        -11220256974.369324,
        -11181347190.182926,
        -11158662485.356293,
        -11167404276.686365,
        -11135694718.124592,
        -11123403847.913013,
        -11129949392.25548
    ],
    "split4_test_score": [
        -50973315980.6589,
        -12853952669.74196,
        -11846699938.29633,
        -11796240505.309448,
        -11812020454.1755,
        -11757647971.663282,
        -11644964092.927217,
        -11663395323.962414,
        -11654651714.21352,
        -11652721646.920542,
        -11632756520.91232,
        -11670665795.975048
    ],
    "n_features": [
        1,
        6,
        28,
        50,
        72,
        94,
        116,
        138,
        160,
        182,
        204,
        226
    ]
}