{
    "mean_test_score": [
        -50278165847.41958,
        -12035581406.079075,
        -11412680748.034765,
        -11331947655.973541,
        -11330831940.695356,
        -11306927441.352869,
        -11322920488.704824,
        -11316506939.322592,
        -11326187460.389385,
        -11300181757.746243,
        -11293403184.814697
    ],
    "std_test_score": [
        888244018.6962811,
        655258839.9708813,
        534847506.32999134,
        506622484.51496416,
        477042051.585522,
        512488995.1908392,
        537390204.3792663,
        520703717.4609681,
        539501083.7886022,
        518213466.5496029,
        543323772.99931
    ],
    "split0_test_score": [
        -48768555695.066444,
        -10977208850.932634,
        -10363793551.835915,
        -10411271361.125324,
        -10461744310.551102,
        -10399241014.87417,
        -10421792643.80254,
        -10440183910.765053,
        -10403300027.48519,
        -10435800834.978857,
        -10369044753.858683
    ],
    "split1_test_score": [
        -50864111628.4311,
        -12013259270.725006,
        -11622588546.968607,
        -11446024941.52605,
        -11405057616.343348,
        -11297898523.017471,
        -11240513073.540953,
        -11266503200.329515,
        -11239731571.476696,
        -11215320609.551182,
        -11220080044.79912
    ],
    "split2_test_score": [
        -49754736198.87814,
        -12158535655.560364,
        -11558207890.89817,
        -11387955897.095783,
        -11341457684.83762,
        -11272517814.700712,
        -11238263436.150728,
        -11267328157.308723,
        -11318338384.224697,
        -11268268785.923239,
        -11240970404.190626
    ],
    "split3_test_score": [
        -51030109734.06332,
        -11988895316.599638,
        -11648800643.81845,
        -11444713928.913649,
        -11536675098.743551,
        -11648801291.25834,
        -11703012490.90854,
        -11572964133.32248,
        -11636403384.084452,
        -11560521202.697037,
        -11642293468.728374
    ],
    "split4_test_score": [
        -50973315980.6589,
        -13040007936.57773,
        -11870013106.652685,
        -11969772151.206905,
        -11909224993.001165,
        -11916178562.913652,
        -12011020799.121368,
        -12035555294.887188,
        -12033163934.675892,
        -12020997355.580902,
        -11994627252.49669
    ],
    "n_features": [
        1,
        8,
        16,
        24,
        32,
        40,
        48,
        56,
        64,
        72,
        80
    ]
}