{
    "mean_test_score": [
        -50278165847.41958,
        -12613522789.695677,
        -13555873309.418736,
        -13991867689.80029,
        -14163194176.319027,
        -14305789122.898895,
        -14336565328.611206,
        -14445702805.274258,
        -14307377410.89837,
        -14245992371.424648,
        -14250586138.031109
    ],
    "std_test_score": [
        888244018.6962836,
        642293811.9195855,
        578779796.5922892,
        537596425.7835656,
        560662794.5766681,
        585461184.9309161,
        635928462.938511,
        634720076.4902387,
        602785970.7810532,
        600885813.2464167,
        621825718.7912817
    ],
    "split0_test_score": [
        -48768555695.06644,
        -11530488279.710407,
        -12611235787.15717,
        -13195284289.324903,
        -13218099601.812717,
        -13343651948.395313,
        -13305130532.429081,
        -13419138708.994492,
        -13384514430.835207,
        -13311423218.959557,
        -13271871950.741629
    ],
    "split1_test_score": [
        -50864111628.43109,
        -12523864972.148209,
        -13459117107.449165,
        -13868966802.79157,
        -14107304205.471087,
        -14295863529.040298,
        -14275044208.59746,
        -14369287098.038248,
        -14224577697.377445,
        -14114036505.153921,
        -14175771292.765177
    ],
    "split2_test_score": [
        -49754736198.878136,
        -12476033645.251415,
        -13417905160.397825,
        -13714088860.153658,
        -14020052125.82923,
        -14068602885.80013,
        -14094570368.112844,
        -14225916873.180944,
        -14004248560.588646,
        -14005551908.35736,
        -13972403310.45889
    ],
    "split3_test_score": [
        -51030109734.06332,
        -13221108681.25424,
        -13974168672.777239,
        -14562937688.946623,
        -14721402470.94461,
        -14892826049.685488,
        -15052897600.63454,
        -15232613004.403383,
        -15032015647.736565,
        -14935502531.252905,
        -14970030670.051016
    ],
    "split4_test_score": [
        -50973315980.6589,
        -13316118370.114115,
        -14316939819.312275,
        -14618060807.784685,
        -14749112477.537485,
        -14928001201.57325,
        -14955183933.282099,
        -14981558341.754225,
        -14891530717.953985,
        -14863447693.399494,
        -14862853466.13884
    ],
    "n_features": [
        1,
        24,
        47,
        70,
        93,
        116,
        139,
        162,
        185,
        208,
        231
    ]
}